GROUP,PACKAGE,CLASS,INSTRUCTION_MISSED,INSTRUCTION_COVERED,BRANCH_MISSED,BRANCH_COVERED,LINE_MISSED,LINE_COVERED,COMPLEXITY_MISSED,COMPLEXITY_COVERED,METHOD_MISSED,METHOD_COVERED
ESTI_Common_Utils,org.phsa.phsl.common.utils.config,ServletContextConfigLoader,16,10,1,1,5,4,3,2,2,2
ESTI_Common_Utils,org.phsa.phsl.common.utils.config,FileConfigLoader,63,3,8,0,12,1,5,1,1,1
ESTI_Common_Utils,org.phsa.phsl.common.utils.config,ConfigService,5,52,1,3,2,5,2,3,1,2
ESTI_Common_Utils,org.phsa.phsl.common.utils.config,ClasspathConfigLoader,21,29,1,1,3,8,1,2,0,2
ESTI_Common_Utils,org.phsa.phsl.common.utils.config,InJarMetaConfigLoader,50,34,7,3,5,12,5,3,0,3
ESTI_Common_Utils,org.phsa.phsl.common.utils.config,TomcatConfigLoader,15,10,3,1,2,4,2,2,0,2
ESTI_Common_Utils,org.phsa.esti.common.utils.security,EncryptionUtils,8,125,0,2,3,25,1,6,1,5
ESTI_Common_Utils,org.phsa.esti.common.utils,StringUtility,36,140,26,36,5,27,22,12,2,1
ESTI_Common_Utils,org.phsa.esti.common.utils.date,CurrentTimeUtility,39,0,0,0,11,0,3,0,3,0
ESTI_Common_Utils,org.phsa.esti.common.utils.validation,ValidationErrorType,9,29,0,0,0,3,2,2,2,2
ESTI_Common_Utils,org.phsa.esti.common.utils.validation,ValidationError,4,20,0,0,2,8,1,6,1,6
ESTI_Common_Utils,org.phsa.esti.common.utils.validation,ValidationResult,0,17,0,0,0,8,0,5,0,5
ESTI_Common_Utils,org.phsa.esti.common.utils.validation,ValidationUtils,238,133,23,9,54,35,30,9,15,8
ESTI_Common_Utils,org.phsa.esti.common.utils.validation,ValidationStatus,9,29,0,0,0,3,2,2,2,2
ESTI_Common_Utils,org.phsa.esti.common.utils.json,GsonsFactory,29,0,2,0,7,0,4,0,3,0
ESTI_Common_Utils,org.phsa.esti.common.utils.json,GsonsFactory.new JsonDeserializer() {...},10,0,0,0,2,0,2,0,2,0
ESTI_Common_Utils,org.phsa.esti.common.utils.json,DateDeserializer,34,0,0,0,10,0,2,0,2,0
